"59",\N
"60",\N
"64",\N
"66",\N
"68",\N
"71",\N
"72",\N
"73",\N
"78",\N
"79",\N
"80",\N
"83",\N
"84",\N
"85",\N
"89",\N
"95",\N
"96",\N
"97",\N
"98",\N
"307",\N
"308",\N
"310",\N
"311",\N
"312",\N
"313",\N
"314",\N
"316",\N
"317",\N
"321",\N
"322",\N
"323",\N
"324",\N
"327",\N
"328",\N
"329",\N
"330",\N
"332",\N
"333",\N
"334",\N
"336",\N
"337",\N
"338",\N
"345",\N
"347",\N
"348",\N
"356",\N
"357",\N
"358",\N
"359",\N
"360",\N
"361",\N
"364",\N
"368",\N
"369",\N
"370",\N
"372",\N
"373",\N
"374",\N
"377",\N
"378",\N
"379",\N
"380",\N
"381",\N
"382",\N
"385",\N
"389",\N
"390",\N
"392",\N
