"9","MM-dd-yyyy"
"50","MM-dd-yyyy"
"57","MM-dd-yyyy"
"96","MM-dd-yyyy"
"103","MM-dd-yyyy"
"106","MM-dd-yyyy"
"114","MM-dd-yyyy"
"115","MM-dd-yyyy"
"122","MM-dd-yyyy"
"145","MM-dd-yyyy"
"160","MM-dd-yyyy"
"174","MM-dd-yyyy"
"188","MM-dd-yyyy"
"209","MM-dd-yyyy"
"212","MM-dd-yyyy"
"215","MM-dd-yyyy"
"220","MM-dd-yyyy"
"224","MM-dd-yyyy"
"227","MM-dd-yyyy"
"238","MM-dd-yyyy"
"239","MM-dd-yyyy"
"243","MM-dd-yyyy"
"247","MM-dd-yyyy"
"259","MM-dd-yyyy"
"267","MM-dd-yyyy"
"268","MM-dd-yyyy"
"273","MM-dd-yyyy"
"277","MM-dd-yyyy"
"281","MM-dd-yyyy"
"285","MM-dd-yyyy"
"290","MM-dd-yyyy"
"294","MM-dd-yyyy"
"297","MM-dd-yyyy"
"302","MM-dd-yyyy"
"317","MM-dd-yyyy"
"323","MM-dd-yyyy"
"327","MM-dd-yyyy"
"356","MM-dd-yyyy"
"361","MM-dd-yyyy"
"387","MM-dd-yyyy"
"392","MM-dd-yyyy"
"400","MM-dd-yyyy"
"417","MM-dd-yyyy"
"425","MM-dd-yyyy"
"913","MM-dd-yyyy"
"927","MM-dd-yyyy"
"928","MM-dd-yyyy"
"933","MM-dd-yyyy"
