"1",\N,"1",\N,\N
"2",\N,"2",\N,\N
"3",\N,"3",\N,\N
"4",\N,"4",\N,\N
"5",\N,"5",\N,\N
"6",\N,"6",\N,\N
"7",\N,"7",\N,\N
"8",\N,"8",\N,\N
"9",\N,"9",\N,\N
"10",\N,"10",\N,\N
"11",\N,"11",\N,\N
"12",\N,"12",\N,\N
"13",\N,"13",\N,\N
"14",\N,"14",\N,\N
"15",\N,"15",\N,\N
"16",\N,"16",\N,\N
"17",\N,"17",\N,\N
"18",\N,"18",\N,\N
"19",\N,"19",\N,\N
"20",\N,"20",\N,\N
"21",\N,"21",\N,\N
"22",\N,"22",\N,\N
"23",\N,"23",\N,\N
"24",\N,"24",\N,\N
"25",\N,"25",\N,\N
"26",\N,"26",\N,\N
"27",\N,"27",\N,\N
"28",\N,"28",\N,\N
"29",\N,"29",\N,\N
"30",\N,"30",\N,\N
"31",\N,"31",\N,\N
"32",\N,"32",\N,\N
"33",\N,"33",\N,\N
"34",\N,"34",\N,\N
"35",\N,"35",\N,\N
"36",\N,"36",\N,\N
"37",\N,"37",\N,\N
"38",\N,"38",\N,\N
"39",\N,"39",\N,\N
"40",\N,"40",\N,\N
"41",\N,"41",\N,\N
"42",\N,"42",\N,\N
"43",\N,"43",\N,\N
"44",\N,"44",\N,\N
"45",\N,"45",\N,\N
"46",\N,"46",\N,\N
